1,ID-1,basic-agents
1,ID-2,basic-agents
1,ID-3,basic-agents
1,ID-4,basic-agents
1,ID-5,basic-agents
1,ID-6,basic-agents
1,ID-7,basic-agents
1,ID-8,basic-agents
1,ID-9,basic-agents
1,ID-10,basic-agents
1,ID-11,basic-agents
1,ID-12,basic-agents
1,ID-13,basic-agents
1,ID-14,basic-agents
1,ID-15,basic-agents
1,ID-16,basic-agents
1,ID-17,basic-agents
1,ID-18,basic-agents
1,ID-19,basic-agents
1,ID-20,basic-agents
1,ID-21,basic-agents
1,ID-22,basic-agents
1,ID-23,basic-agents
1,ID-24,basic-agents
1,ID-25,basic-agents
1,ID-26,basic-agents
1,ID-27,basic-agents
1,ID-28,basic-agents
1,ID-29,basic-agents
1,ID-30,basic-agents
1,ID-31,basic-agents
1,ID-32,basic-agents
1,ID-33,basic-agents
1,ID-34,basic-agents
1,ID-35,basic-agents
1,ID-36,basic-agents
1,ID-37,basic-agents
1,ID-38,basic-agents
1,ID-39,basic-agents
1,ID-40,basic-agents
1,ID-41,basic-agents
1,ID-42,basic-agents
1,ID-43,basic-agents
1,ID-44,basic-agents
1,ID-45,basic-agents
1,ID-46,basic-agents
1,ID-47,basic-agents
1,ID-48,basic-agents
1,ID-49,basic-agents
1,ID-50,basic-agents
1,ID-51,basic-agents
1,ID-52,basic-agents
1,ID-53,basic-agents
1,ID-54,basic-agents
1,ID-55,basic-agents
1,ID-56,basic-agents
1,ID-57,basic-agents
1,ID-58,basic-agents
1,ID-59,basic-agents
1,ID-60,basic-agents
1,ID-61,basic-agents
1,ID-62,basic-agents
1,ID-63,basic-agents
1,ID-64,basic-agents
1,ID-65,basic-agents
1,ID-66,basic-agents
1,ID-67,basic-agents
1,ID-68,basic-agents
1,ID-69,basic-agents
1,ID-70,basic-agents
1,ID-71,basic-agents
1,ID-72,basic-agents
1,ID-73,basic-agents
1,ID-74,basic-agents
1,ID-75,basic-agents
1,ID-76,basic-agents
1,ID-77,basic-agents
1,ID-78,basic-agents
1,ID-79,basic-agents
1,ID-80,basic-agents
1,ID-81,basic-agents
1,ID-82,basic-agents
1,ID-83,basic-agents
1,ID-84,basic-agents
1,ID-85,basic-agents
1,ID-86,basic-agents
1,ID-87,basic-agents
1,ID-88,basic-agents
1,ID-89,basic-agents
1,ID-90,basic-agents
1,ID-91,basic-agents
1,ID-92,basic-agents
1,ID-93,basic-agents
1,ID-94,basic-agents
1,ID-95,basic-agents
1,ID-96,basic-agents
1,ID-97,basic-agents
1,ID-98,basic-agents
1,ID-99,basic-agents
1,ID-100,basic-agents