1,ID-156,IPs,topic-1,IP-1
1,ID-157,IPs,topic-2,IP-2
1,ID-158,IPs
1,ID-159,IPs
1,ID-160,IPs
1,ID-161,IPs
1,ID-162,IPs
1,ID-163,IPs
1,ID-164,IPs
1,ID-165,IPs
1,ID-166,IPs
1,ID-167,IPs
1,ID-168,IPs
1,ID-169,IPs
1,ID-170,IPs
1,ID-171,IPs
1,ID-172,IPs
1,ID-173,IPs
1,ID-174,IPs
1,ID-175,IPs
1,ID-176,IPs
1,ID-177,IPs
1,ID-178,IPs
1,ID-179,IPs
1,ID-180,IPs
1,ID-181,IPs
1,ID-182,IPs
1,ID-183,IPs
1,ID-184,IPs
1,ID-185,IPs
1,ID-186,IPs
1,ID-187,IPs
1,ID-188,IPs
1,ID-189,IPs
1,ID-190,IPs
1,ID-191,IPs
1,ID-192,IPs
1,ID-193,IPs
1,ID-194,IPs
1,ID-195,IPs
1,ID-196,IPs
1,ID-197,IPs
1,ID-198,IPs
1,ID-199,IPs
1,ID-200,IPs
1,ID-201,IPs
1,ID-202,IPs
1,ID-203,IPs
1,ID-204,IPs
1,ID-205,IPs
1,ID-206,IPs
1,ID-207,IPs
1,ID-208,IPs
1,ID-209,IPs
1,ID-210,IPs
1,ID-211,IPs
1,ID-212,IPs
1,ID-213,IPs
1,ID-214,IPs
1,ID-215,IPs
1,ID-216,IPs
1,ID-217,IPs
1,ID-218,IPs
1,ID-219,IPs
1,ID-220,IPs
1,ID-221,IPs
1,ID-222,IPs
1,ID-223,IPs
1,ID-224,IPs
1,ID-225,IPs
1,ID-226,IPs
1,ID-227,IPs
1,ID-228,IPs
1,ID-229,IPs
1,ID-230,IPs
1,ID-231,IPs
1,ID-232,IPs
1,ID-233,IPs
1,ID-234,IPs
1,ID-235,IPs
1,ID-236,IPs
1,ID-237,IPs
1,ID-238,IPs
1,ID-239,IPs
1,ID-240,IPs
1,ID-241,IPs
1,ID-242,IPs
1,ID-243,IPs
1,ID-244,IPs
1,ID-245,IPs
1,ID-246,IPs
1,ID-247,IPs
1,ID-248,IPs
1,ID-249,IPs
1,ID-250,IPs
1,ID-251,IPs
1,ID-252,IPs
1,ID-253,IPs
1,ID-254,IPs
1,ID-255,IPs